{
  "w_oldest": 0.6074923609098142,
  "w_middle": 0.8830244864666363,
  "w_recent": 0.962915293834412,
  "w_current": 1.2385662746194221,
  "wt_wc": 0.5784090619696397,
  "wt_div": 0.8191494230566121,
  "wt_con": 0.6217838096229732,
  "wt_sb": 0.7485244052450356,
  "variance_scale": 1.7068095422536365,
  "elo_k": 18.61891562220592,
  "elo_regression": 0.744736642771232,
  "elo_mov_mult": 2.346416945470367,
  "off_epa_weight": 1.3109282987800066,
  "turnover_weight": 0.6572707603036145,
  "conf_w_model": 0.48724537910808935,
  "conf_w_feat": 0.3095341572612151,
  "conf_w_h2h": 0.19985546776363355,
  "conf_model_div": 11.458574403586836,
  "conf_high_thr": 0.6791853408182101,
  "conf_med_thr": 0.5494214883705906,
  "nn_w_home": 0.47797231516349553,
  "nn_w_away": 0.3027438783547248,
  "nn_w_total": 0.35720841872718545,
  "nn_w_spread": 0.28695872527792565,
  "spread_lean_thr": 2.0174778922156644,
  "total_lean_thr": 0.9657199304395374
}