{
  "w_oldest": 0.8097044148187968,
  "w_middle": 0.5237915565402668,
  "w_recent": 0.7091779066010274,
  "w_current": 1.1758486364819714,
  "wt_wc": 0.47488157633150596,
  "wt_div": 0.8648221251516455,
  "wt_con": 0.5908278401972452,
  "wt_sb": 0.3399935443420109,
  "variance_scale": 2.364906470671818
}