{
  "w_oldest": 0.7043346467233568,
  "w_middle": 0.9045948303034249,
  "w_recent": 0.7945729296037234,
  "w_current": 1.4567327331993427,
  "wt_wc": 0.7486880997330987,
  "wt_div": 0.8979578619327534,
  "wt_con": 0.8028019120906642,
  "wt_sb": 0.4493281462544474,
  "variance_scale": 2.1253984429574384
}