{
  "w_oldest": 0.5420968623177933,
  "w_middle": 0.8583913663438206,
  "w_recent": 0.7302780925825705,
  "w_current": 1.1515059711988134,
  "wt_wc": 0.7549626221370146,
  "wt_div": 0.7696295157595873,
  "wt_con": 0.7260956861316884,
  "wt_sb": 0.46496029799307226,
  "variance_scale": 1.8835075569513895,
  "elo_k": 17.7316928759005,
  "elo_regression": 0.5969713025404355,
  "elo_mov_mult": 2.216515083964829,
  "off_epa_weight": 1.53172350737824,
  "turnover_weight": 0.49572365415936415,
  "conf_w_model": 0.5424276664261264,
  "conf_w_feat": 0.298870558955127,
  "conf_w_h2h": 0.2001671074825234,
  "conf_model_div": 11.93288544253305,
  "conf_high_thr": 0.7344728358437376,
  "conf_med_thr": 0.6135780446336739,
  "nn_w_home": 0.5473036047819241,
  "nn_w_away": 0.38626650547035496,
  "nn_w_total": 0.3308837348596888,
  "nn_w_spread": 0.3439919602085605,
  "spread_lean_thr": 1.5945733651827232,
  "total_lean_thr": 1.670666136205044
}