{
  "w_oldest": 0.8821532488554734,
  "w_middle": 0.5923113513593647,
  "w_recent": 1.0902771693166384,
  "w_current": 1.2372322009637184,
  "wt_wc": 0.5732556519800495,
  "wt_div": 0.42160503534932187,
  "wt_con": 0.5114490719732381,
  "wt_sb": 0.6342051551536233,
  "variance_scale": 1.883318061320274
}