{
  "w_oldest": 0.7430162825907837,
  "w_middle": 0.8328919253110914,
  "w_recent": 0.8943222184937656,
  "w_current": 1.1394718251957645,
  "wt_wc": 0.4693616513715094,
  "wt_div": 0.4794515876942046,
  "wt_con": 0.3983801362526031,
  "wt_sb": 0.3624250383702806,
  "variance_scale": 1.8,
  "elo_k": 20.0,
  "elo_regression": 0.67,
  "elo_mov_mult": 2.2,
  "off_epa_weight": 1.6,
  "turnover_weight": 0.6,
  "conf_w_model": 0.55,
  "conf_w_feat": 0.3,
  "conf_w_h2h": 0.15,
  "conf_model_div": 10.0,
  "conf_high_thr": 0.74,
  "conf_med_thr": 0.58,
  "nn_w_home": 0.4,
  "nn_w_away": 0.4,
  "nn_w_total": 0.35,
  "nn_w_spread": 0.25,
  "spread_lean_thr": 1.5,
  "total_lean_thr": 1.5
}