{
  "w_oldest": 0.8900034366266161,
  "w_middle": 0.5010183154412716,
  "w_recent": 1.0137175531387383,
  "w_current": 0.9203644260992132,
  "wt_wc": 0.7954649374921636,
  "wt_div": 0.4644658845917481,
  "wt_con": 0.5285828691341625,
  "wt_sb": 0.7596089788856347
}