{
  "w_oldest": 0.5727567881749356,
  "w_middle": 0.5268532297247727,
  "w_recent": 0.9949756292240699,
  "w_current": 1.1333520550582086,
  "wt_wc": 0.784131013744095,
  "wt_div": 0.756510028555429,
  "wt_con": 0.677903290753401,
  "wt_sb": 0.47489503974840064,
  "variance_scale": 1.5869158138908275,
  "elo_k": 17.516401144977078,
  "elo_regression": 0.7443357546998077,
  "elo_mov_mult": 2.210855625348015,
  "off_epa_weight": 1.2218976855108417,
  "turnover_weight": 0.5415813842588417,
  "conf_w_model": 0.3957958612494442,
  "conf_w_feat": 0.41364102396670843,
  "conf_w_h2h": 0.1522671350534185,
  "conf_model_div": 10.415853351044316,
  "conf_high_thr": 0.7514636521640101,
  "conf_med_thr": 0.5763062631284097,
  "nn_w_home": 0.39402446190386664,
  "nn_w_away": 0.3098468177058221,
  "nn_w_total": 0.38259136178004916,
  "nn_w_spread": 0.28541521770389633,
  "spread_lean_thr": 1.1070405449182679,
  "total_lean_thr": 1.8205400236176477
}